value,years,place,lat,lon
1,3,Alabama A & M University,34.783368,-86.568502
2,3,University of Alabama at Birmingham,33.50223,-86.80917
3,3,Amridge University,32.362609,-86.17401
4,3,University of Alabama in Huntsville,34.722818,-86.63842
5,3,Alabama State University,32.364317,-86.295677
6,3,The University of Alabama,33.2144,-87.545766
7,3,Athens State University,34.805625,-86.96514
8,3,Auburn University at Montgomery,32.369939,-86.177351
9,3,Auburn University,32.600201,-85.492409
10,3,Birmingham Southern College,33.515453,-86.853636
11,3,Concordia College Alabama,32.42443,-87.023531
12,3,Faulkner University,32.384181,-86.21641
13,3,Huntingdon College,32.350939,-86.285313
14,3,Jacksonville State University,33.822128,-85.766644
15,3,Judson College,32.630526,-87.316127
16,3,University of West Alabama,32.59244,-88.186077
17,3,Miles College,33.481306,-86.908605
18,3,University of Mobile,30.793247,-88.128934
19,3,University of Montevallo,33.10625,-86.865099
20,3,University of North Alabama,34.80658,-87.680999
21,3,Oakwood University,34.756628,-86.661628
22,3,Samford University,33.464578,-86.790932
23,3,University of South Alabama,30.695081,-88.18189
24,3,Spring Hill College,30.694751,-88.138199
25,3,Stillman College,33.199228,-87.585242
26,3,Talladega College,33.434258,-86.113675
27,3,Troy University,31.800128,-85.950191
28,3,Tuskegee University,32.431021,-85.710315
29,3,University of Alaska Anchorage,61.189554,-149.826135
30,3,University of Alaska Fairbanks,64.857053,-147.824751
31,3,University of Alaska Southeast,58.38427,-134.636346
32,3,Alaska Pacific University,61.191235,-149.804242
33,3,American Indian College of the Assemblies of God Inc,33.577738,-112.092247
34,3,Arizona State University-Tempe,33.421922,-111.940011
35,3,University of Arizona,32.232071,-110.950769
36,3,Embry-Riddle Aeronautical University-Prescott,34.615678,-112.452285
37,3,Northern Arizona University,35.180095,-111.657653
38,3,Ottawa University-Phoenix,33.577907,-112.113447
39,3,Prescott College,34.5445,-112.476509
40,3,Arizona Christian University,33.595117,-112.026211
41,3,University of Arkansas at Little Rock,34.726644,-92.341835
42,3,Arkansas Baptist College,34.734751,-92.290555
43,3,Lyon College,35.778934,-91.628115
44,3,University of Arkansas,36.06153,-94.178214
45,3,University of Arkansas at Pine Bluff,34.242192,-92.021263
46,3,Arkansas State University-Main Campus,35.842779,-90.680478
47,3,Arkansas Tech University,35.295227,-93.13233
48,3,University of Arkansas at Monticello,33.589788,-91.812971
49,3,University of Central Arkansas,35.078196,-92.45931
50,3,Central Baptist College,35.084574,-92.444102
51,3,Harding University,35.249605,-91.729008
52,3,Henderson State University,34.127792,-93.060313
53,3,Hendrix College,35.09972,-92.442021
54,3,John Brown University,36.191077,-94.559088
55,3,Ouachita Baptist University,34.125045,-93.052442
56,3,University of the Ozarks,35.477785,-93.467924
57,3,Philander Smith College,34.73666,-92.28242
58,3,Williams Baptist College,36.126825,-90.939876
59,3,Southern Arkansas University Main Campus,33.291195,-93.235087
60,3,University of Arkansas-Fort Smith,35.385345,-94.374073
61,3,Azusa Pacific University,34.130865,-117.88795
62,3,Biola University,33.904823,-118.017342
63,3,California Institute of Integral Studies,37.774768,-122.416537
64,3,California Baptist University,33.928569,-117.42587
65,3,California Institute of Technology,34.139275,-118.12574
66,3,California Lutheran University,34.225551,-118.879467
67,3,California Polytechnic State University-San Luis Obispo,35.29889,-120.65856
68,3,Alliant International University,32.897056,-117.094398
69,3,California State University-Bakersfield,35.350005,-119.104711
70,3,California State University-Stanislaus,37.52577,-120.852511
71,3,California State University-San Bernardino,34.182987,-117.322508
72,3,California State Polytechnic University-Pomona,34.054273,-117.819019
73,3,California State University-Chico,39.728003,-121.846333
74,3,California State University-Dominguez Hills,33.86524,-118.259316
75,3,California State University-Fresno,36.814477,-119.748258
76,3,California State University-Fullerton,33.883627,-117.885349
77,3,California State University-East Bay,37.65707,-122.058073
78,3,California State University-Long Beach,33.782752,-118.1123
79,3,California State University-Los Angeles,34.066927,-118.168965
80,3,California State University-Northridge,34.23671,-118.526817
81,3,California State University-Sacramento,38.55745,-121.42194
82,3,University of California-Berkeley,37.871519,-122.260401
83,3,University of California-Davis,38.539895,-121.751958
84,3,University of California-Irvine,33.648434,-117.841248
85,3,University of California-Los Angeles,34.068892,-118.443901
86,3,University of California-Riverside,33.97588,-117.331098
87,3,University of California-San Diego,32.876598,-117.237793
88,3,University of California-Santa Barbara,34.415402,-119.848031
89,3,University of California-Santa Cruz,36.997258,-122.067993
90,3,California Maritime Academy,38.069061,-122.231551
91,3,Chapman University,33.793678,-117.851481
92,3,Concordia University-Irvine,33.6535,-117.81063
93,3,San Diego Christian College,32.799999,-116.903073
94,3,Claremont Graduate University,34.103778,-117.712394
95,3,Claremont McKenna College,34.102323,-117.706593
96,3,Coleman University,32.821962,-117.136493
97,3,Dominican University of California,37.980014,-122.514654
98,3,Fielding Graduate University,34.4294,-119.717151
99,3,Fresno Pacific University,36.725279,-119.731953
100,3,Golden Gate University-San Francisco,37.789208,-122.398785
101,3,Harvey Mudd College,34.106137,-117.710594
102,3,Holy Names University,37.802654,-122.18717
103,3,Humboldt State University,40.8741,-124.0814
104,3,Humphreys College-Stockton and Modesto Campuses,38.011051,-121.316401
105,3,John F Kennedy University,37.881794,-122.183972
106,3,American Jewish University,34.128099,-118.471764
107,3,University of La Verne,34.10086,-117.772634
108,3,Lincoln University,37.804788,-122.269745
109,3,La Sierra University,33.908834,-117.497071
110,3,The Master's College and Seminary,34.38214,-118.517422
111,3,Loyola Marymount University,33.970633,-118.415655
112,3,Menlo College,37.452906,-122.181444
113,3,Mills College,37.782639,-122.18789
114,3,Monterey Institute of International Studies,36.599827,-121.896813
115,3,Mount St Mary's College,34.082112,-118.480471
116,3,National University,32.909469,-117.244243
117,3,Notre Dame de Namur University,37.517501,-122.284618
118,3,Occidental College,34.126224,-118.210783
119,3,Hope International University,33.87616,-117.88573
120,3,Pacific Union College,38.57409,-122.449639
121,3,University of the Pacific,37.980624,-121.307296
122,3,Pepperdine University,34.041912,-118.707677
123,3,Pitzer College,34.103408,-117.705939
124,3,Point Loma Nazarene University,32.713295,-117.251204
125,3,Pomona College,34.098298,-117.711944
126,3,University of Redlands,34.063571,-117.163847
127,3,San Diego State University,32.77525,-117.071228
128,3,University of San Diego,32.77142,-117.188721
129,3,San Francisco State University,37.721345,-122.477905
130,3,University of San Francisco,37.775564,-122.450977
131,3,San Jose State University,37.335201,-121.881214
132,3,Santa Clara University,37.352706,-121.938189
133,3,Scripps College,34.103655,-117.711336
134,3,Simpson University,40.61331,-122.333048
135,3,Saint Mary's College of California,37.83997,-122.106795
136,3,Sonoma State University,38.341023,-122.673261
137,3,Vanguard University of Southern California,33.662686,-117.900911
138,3,University of Southern California,34.021058,-118.283858
139,3,Thomas Aquinas College,34.429009,-119.087141
140,3,Westmont College,34.449265,-119.661932
141,3,Whittier College,33.977625,-118.028402
142,3,Woodbury University,34.209226,-118.340692
143,3,Adams State University,37.477238,-105.880943
144,3,University of Colorado Denver,39.74603,-104.999181
145,3,University of Colorado Colorado Springs,38.892735,-104.800296
146,3,University of Colorado Boulder,40.004415,-105.267061
147,3,Colorado Christian University,39.711701,-105.094836
148,3,Colorado College,38.84657,-104.82422
149,3,Colorado School of Mines,39.75079,-105.227148
150,3,Colorado State University-Fort Collins,40.574759,-105.08083
151,3,College America-Denver,39.691571,-104.94118
152,3,University of Denver,39.695954,-104.964625
153,3,Fort Lewis College,37.275428,-107.867003
154,3,Colorado Mesa University,39.076354,-108.540281
155,3,Metropolitan State University of Denver,39.742248,-105.002391
156,3,Naropa University,40.014816,-105.267073
157,3,University of Northern Colorado,40.403178,-104.701721
158,3,Regis University,39.78976,-105.031385
159,3,Colorado State University-Pueblo,38.309219,-104.579846
160,3,Western State Colorado University,38.547421,-106.91971
161,3,Albertus Magnus College,41.332519,-72.923848
162,3,University of Bridgeport,41.165587,-73.189352
163,3,Central Connecticut State University,41.690258,-72.770094
164,3,Charter Oak State College,41.688246,-72.767972
165,3,Connecticut College,41.379833,-72.107321
166,3,University of Connecticut,41.808205,-72.249519
167,3,Eastern Connecticut State University,41.721673,-72.218753
168,3,Fairfield University,41.160732,-73.25778
169,3,Rensselaer Hartford Graduate Center Inc,41.773462,-72.673916
170,3,University of Hartford,41.796485,-72.714965
171,3,Mitchell College,41.328075,-72.095337
172,3,University of New Haven,41.291314,-72.961472
173,3,Quinnipiac University,41.419527,-72.895542
174,3,Sacred Heart University,41.221548,-73.24461
175,3,University of Saint Joseph,41.783028,-72.730489
176,3,Southern Connecticut State University,41.331852,-72.948806
177,3,Trinity College,41.746746,-72.688684
178,3,Wesleyan University,41.55678,-72.656755
179,3,Western Connecticut State University,41.400365,-73.444264
180,3,Yale University,41.311158,-72.926688
181,3,Delaware State University,39.187173,-75.54053
182,3,University of Delaware,39.679791,-75.7536
183,3,Wesley College,39.16325,-75.527377
184,3,Wilmington University,39.682299,-75.586998
185,3,American University,38.937802,-77.090106
186,3,Catholic University of America,38.935796,-76.998961
187,3,University of the District of Columbia,38.943819,-77.066247
188,3,Gallaudet University,38.907371,-76.993675
189,3,George Washington University,38.89865,-77.047871
190,3,Georgetown University,38.908809,-77.073463
191,3,Howard University,38.920739,-77.019478
192,3,Trinity Washington University,38.927398,-77.004261
193,3,Barry University,25.878865,-80.196136
194,3,Bethune-Cookman University,29.210193,-81.031429
195,3,Lynn University,26.382777,-80.123851
196,3,Carlos Albizu University-Miami,25.795162,-80.355002
197,3,University of Central Florida,28.60106,-81.198805
198,3,Clearwater Christian College,27.963556,-82.697305
199,3,Eckerd College,27.718996,-82.685992
200,3,Edward Waters College,30.34513,-81.684817
201,3,Embry-Riddle Aeronautical University-Daytona Beach,29.189244,-81.0495
202,3,Florida Agricultural and Mechanical University,30.428599,-84.285664
203,3,Florida Atlantic University,26.372536,-80.102293
204,3,Flagler College-St Augustine,29.89335,-81.315256
205,3,Florida College,28.034911,-82.383446
206,3,Florida Institute of Technology,28.064503,-80.624628
207,3,Florida International University,25.757111,-80.377591
208,3,Florida Memorial University,25.917854,-80.270672
209,3,Florida Southern College,28.031507,-81.945791
210,3,Florida State University,30.4421,-84.294801
211,3,University of Florida,29.638248,-82.361195
212,3,Jacksonville University,30.350349,-81.60706
213,3,Jones College-Jacksonville,30.328002,-81.610068
214,3,Keiser University-Ft Lauderdale,26.185869,-80.163959
215,3,Trinity International University-Florida,26.099656,-80.257156
216,3,University of Miami,25.720406,-80.27645
217,3,Remington College-Tampa Campus,27.983466,-82.385976
218,3,University of North Florida,30.270917,-81.507853
219,3,Nova Southeastern University,26.079337,-80.24248
220,3,Palm Beach Atlantic University,26.704629,-80.049758
221,3,Rollins College,28.591992,-81.348716
222,3,Saint Leo University,28.336776,-82.257287
223,3,St Petersburg College,27.90242,-82.717331
224,3,University of South Florida-Main Campus,28.056647,-82.415876
225,3,St Thomas University,25.920915,-80.256265
226,3,Stetson University,29.036295,-81.301604
227,3,Southeastern University,28.031864,-81.918997
228,3,The University of Tampa,27.947225,-82.465582
229,3,Warner University,27.825751,-81.599972
230,3,Webber International University,27.838798,-81.532325
231,3,The University of West Florida,30.542855,-87.218125
232,3,Agnes Scott College,33.769996,-84.29563
233,3,Albany State University,31.571395,-84.14306
234,3,Armstrong Atlantic State University,31.978109,-81.160409
235,3,Point University,32.879467,-85.184285
236,3,Clark Atlanta University,33.748772,-84.412818
237,3,Berry College,34.289254,-85.189077
238,3,Brenau University,34.303117,-83.821513
239,3,Brewton-Parker College,32.185718,-82.586136
240,3,Clayton  State University,33.594079,-84.328174
241,3,Columbus State University,32.501556,-84.940796
242,3,Covenant College,34.963327,-85.37496
243,3,Dalton State College,34.77496,-85.00289
244,3,Emmanuel College,34.282617,-83.146825
245,3,Emory University,33.798836,-84.325782
246,3,Fort Valley State University,32.538163,-83.895548
247,3,Georgia Institute of Technology-Main Campus,33.773732,-84.396019
248,3,Georgia Southwestern State University,32.058198,-84.217755
249,3,Georgia College and State University,33.082787,-83.231962
250,3,Georgia Southern University,32.427756,-81.782201
251,3,Georgia State University,33.7527,-84.38667
252,3,University of Georgia,33.956428,-83.374049
253,3,Kennesaw State University,34.03629,-84.58083
254,3,LaGrange College,33.039713,-85.041394
255,3,Life University,33.932104,-84.514156
256,3,Mercer University,32.829731,-83.651042
257,3,Morehouse College,33.74793,-84.415156
258,3,University of North Georgia,34.530254,-83.985934
259,3,Oglethorpe University,33.875939,-84.334756
260,3,Paine College,33.469259,-81.991199
261,3,Piedmont College,34.56663,-83.543216
262,3,Reinhardt University,34.318874,-84.554657
263,3,Savannah State University,32.024781,-81.063377
264,3,Shorter University,34.258192,-85.196213
265,3,Spelman College,33.74519,-84.410118
266,3,Southern Polytechnic State University,33.938992,-84.519276
267,3,Thomas University,30.813954,-83.981478
268,3,Toccoa Falls College,34.59554,-83.353462
269,3,Truett-McConnell College,34.594437,-83.745972
270,3,Valdosta State University,30.849236,-83.289925
271,3,Wesleyan College,32.874648,-83.717186
272,3,University of West Georgia,33.574421,-85.099007
273,3,Chaminade University of Honolulu,21.290274,-157.807642
274,3,University of Hawaii at Hilo,19.701854,-155.081329
275,3,University of Hawaii at Manoa,21.292648,-157.816607
276,3,Hawaii Pacific University,21.31028,-157.859411
277,3,University of Hawaii-West Oahu,21.353359,-158.062444
278,3,Boise State University,43.604403,-116.205789
279,3,Idaho State University,42.864108,-112.429084
280,3,University of Idaho,46.726894,-117.024296
281,3,The College of Idaho,43.652653,-116.676838
282,3,Lewis-Clark State College,46.410034,-117.026371
283,3,Northwest Nazarene University,43.563181,-116.564792
284,3,Brigham Young University-Idaho,43.815384,-111.784728
285,3,Augustana College,41.500326,-90.552402
286,3,Aurora University,41.754465,-88.349469
287,3,Blackburn College,39.288298,-89.872248
288,3,Bradley University,40.697605,-89.61462
289,3,Chicago State University,41.718813,-87.610344
290,3,University of Chicago,41.78917,-87.601196
291,3,Columbia College-Chicago,41.873589,-87.624554
292,3,Concordia University-Chicago,41.898574,-87.810009
293,3,DePaul University,41.923332,-87.654116
294,3,East-West University,41.871309,-87.624793
295,3,Eastern Illinois University,39.483017,-88.175505
296,3,Elmhurst College,41.899215,-87.946096
297,3,Eureka College,40.713042,-89.268952
298,3,Governors State University,41.448603,-87.717012
299,3,Greenville College,38.894751,-89.409178
300,3,University of Illinois at Chicago,41.872651,-87.651145
301,3,Benedictine University,41.776395,-88.095948
302,3,University of Illinois at Urbana-Champaign,40.108864,-88.230309
303,3,Illinois Wesleyan University,40.491522,-88.990622
304,3,Illinois College,39.730827,-90.246256
305,3,Illinois Institute of Technology,41.833801,-87.628346
306,3,Illinois State University,40.509724,-88.99234
307,3,Judson University,42.05896,-88.289708
308,3,Knox College,40.941829,-90.370316
309,3,Lake Forest College,42.250456,-87.830777
310,3,Lewis University,41.605432,-88.079032
311,3,Lincoln College,40.157141,-89.360552
312,3,Loyola University Chicago,41.999161,-87.657399
313,3,MacMurray College,39.730226,-90.22175
314,3,McKendree University,38.609431,-89.814486
315,3,Millikin University,39.842604,-88.974571
316,3,Monmouth College,40.91459,-90.637909
317,3,National Louis University,41.879826,-87.624805
318,3,North Central College,41.775304,-88.143649
319,3,North Park University,41.9751,-87.709142
320,3,Northern Illinois University,41.933791,-88.766065
321,3,Northwestern University,42.058377,-87.673653
322,3,Northeastern Illinois University,41.980567,-87.72013
323,3,Olivet Nazarene University,41.155489,-87.873654
324,3,Quincy University,39.939235,-91.387928
325,3,Robert Morris University Illinois,41.876278,-87.627068
326,3,Rockford University,42.270639,-89.019536
327,3,Roosevelt University,41.876055,-87.624952
328,3,Dominican University,41.902834,-87.821872
329,3,University of St Francis,41.533341,-88.096368
330,3,Saint Xavier University,41.707763,-87.713507
331,3,University of Illinois at Springfield,39.729862,-89.614917
332,3,Shimer College,41.83217,-87.62713
333,3,Southern Illinois University-Carbondale,37.71921,-89.217618
334,3,Southern Illinois University-Edwardsville,38.793949,-89.997779
335,3,Trinity Christian College,41.669189,-87.784157
336,3,Trinity International University-Illinois,42.197909,-87.882722
337,3,Western Illinois University,40.465621,-90.685235
338,3,Wheaton College,41.870943,-88.09681
339,3,Anderson University,40.112167,-85.662292
340,3,Ball State University,40.198942,-85.408863
341,3,Bethel College-Indiana,41.677671,-86.191642
342,3,Butler University,39.840662,-86.171791
343,3,Calumet College of Saint Joseph,41.670925,-87.492987
344,3,DePauw University,39.63953,-86.863556
345,3,Earlham College,39.822278,-84.911464
346,3,University of Evansville,37.969955,-87.531963
347,3,Franklin College,39.478298,-86.047182
348,3,Goshen College,41.564254,-85.826766
349,3,Grace College and Theological Seminary,41.226473,-85.813931
350,3,Hanover College,38.712488,-85.461086
351,3,Holy Cross College,41.699982,-86.253668
352,3,Huntington University,40.89907,-85.499624
353,3,Indiana University-Purdue University-Fort Wayne,41.115418,-85.111747
354,3,Indiana University-Purdue University-Indianapolis,39.772948,-86.172217
355,3,University of Indianapolis,39.709671,-86.134747
356,3,University of Southern Indiana,37.966188,-87.67666
357,3,Indiana State University,39.46873,-87.407085
358,3,Indiana University-Kokomo,40.459913,-86.132096
359,3,Indiana University-South Bend,41.665746,-86.222958
360,3,Indiana University-Bloomington,39.166383,-86.526904
361,3,Indiana University-Northwest,41.556723,-87.338457
362,3,Indiana University-Southeast,38.342992,-85.819376
363,3,Indiana University-East,39.867099,-84.886187
364,3,Manchester University,41.011609,-85.758762
365,3,Marian University,39.81534,-86.204599
366,3,Indiana Wesleyan University,40.518495,-85.661991
367,3,Martin University,39.79844,-86.104771
368,3,University of Notre Dame,41.703058,-86.238959
369,3,Oakland City University,38.339606,-87.351611
370,3,Purdue University-Calumet Campus,41.584742,-87.47376
371,3,Purdue University-North Central Campus,41.583788,-86.89523
372,3,University of Saint Francis-Fort Wayne,41.087772,-85.173694
373,3,Saint Josephs College,40.923438,-87.155541
374,3,Saint Mary-of-the-Woods College,39.510543,-87.460126
375,3,Saint Mary's College,41.707274,-86.256947
376,3,Taylor University,40.458382,-85.496906
377,3,Trine University,41.633389,-85.005696
378,3,Valparaiso University,41.463176,-87.045853
379,3,Wabash College,40.037799,-86.905809
380,3,Briar Cliff University,42.526919,-96.42696
381,3,Buena Vista University,42.642529,-95.208053
382,3,Central College,41.400236,-92.918664
383,3,Clarke University,42.508619,-90.691512
384,3,Coe College,41.986383,-91.657535
385,3,Cornell College,41.925982,-91.425435
386,3,Dordt College,43.08396,-96.166319
387,3,Drake University,41.60381,-93.654062
388,3,University of Dubuque,42.498027,-90.693568
389,3,Graceland University-Lamoni,40.615966,-93.924893
390,3,Grand View University,41.620909,-93.605016
391,3,Grinnell College,41.747048,-92.721246
392,3,Iowa State University,42.026368,-93.648353
393,3,Iowa Wesleyan College,40.973689,-91.552588
394,3,University of Iowa,41.660695,-91.535698
395,3,Loras College,42.504131,-90.680232
396,3,Luther College,43.313584,-91.803971
397,3,Maharishi University of Management,41.017781,-91.967306
398,3,Morningside College,42.47324,-96.360738
399,3,Mount Mercy University,42.001931,-91.650991
400,3,University of Northern Iowa,42.514923,-92.459703
401,3,Northwestern College,42.998955,-96.058382
402,3,Saint Ambrose University,41.540081,-90.58098
403,3,Simpson College,41.365503,-93.563471
404,3,Upper Iowa University,42.840293,-91.799663
405,3,Wartburg College,42.727629,-92.480933
406,3,William Penn University,41.308868,-92.648348
407,3,Baker University,38.777278,-95.188231
408,3,Benedictine College,39.572953,-95.111424
409,3,Bethany College,38.5786,-97.673173
410,3,Bethel College-North Newton,38.07525,-97.342572
411,3,Central Christian College of Kansas,38.357964,-97.667373
412,3,Donnelly College,39.112227,-94.65103
413,3,Emporia State University,38.412583,-96.179454
414,3,Fort Hays State University,38.872436,-99.340493
415,3,Friends University,37.678495,-97.366666
416,3,University of Kansas,38.957351,-95.24587
417,3,Newman University,37.672306,-97.378803
418,3,Kansas State University,39.188616,-96.581077
419,3,Kansas Wesleyan University,38.813923,-97.609476
420,3,McPherson College,38.371464,-97.6443
421,3,MidAmerica Nazarene University,38.872608,-94.782586
422,3,Ottawa University-Ottawa,38.602899,-95.263776
423,3,Ottawa University-Kansas City,38.930925,-94.68937
424,3,Pittsburg State University,37.3913,-94.704782
425,3,University of Saint Mary,39.277308,-94.906935
426,3,Southwestern College,37.2493,-96.9783
427,3,Sterling College,38.219783,-98.209966
428,3,Tabor College,38.348606,-97.20096
429,3,Washburn University,39.034977,-95.702325
430,3,Wichita State University,37.716484,-97.296733
431,3,Alice Lloyd College,37.335087,-82.875068
432,3,Asbury University,37.862029,-84.662606
433,3,Bellarmine University,38.219138,-85.7049
434,3,Berea College,37.573334,-84.289332
435,3,Brescia University,37.768989,-87.111533
436,3,Campbellsville University,37.343342,-85.348943
437,3,Centre College,37.645102,-84.779175
438,3,University of the Cumberlands,36.736489,-84.162375
439,3,Eastern Kentucky University,37.740396,-84.301356
440,3,Georgetown College,38.207934,-84.554583
441,3,Kentucky State University,38.201056,-84.855488
442,3,Kentucky Wesleyan College,37.744667,-87.121984
443,3,University of Kentucky,38.032393,-84.509177
444,3,Kentucky Christian University,38.339002,-82.946883
445,3,Lindsey Wilson College,37.101853,-85.299909
446,3,University of Louisville,38.215752,-85.758843
447,3,Mid-Continent University,36.815418,-88.648361
448,3,Midway College,38.144432,-84.679335
449,3,Morehead State University,38.188462,-83.429742
450,3,Murray State University,36.61241,-88.323493
451,3,Northern Kentucky University,39.029221,-84.465959
452,3,University of Pikeville,37.478835,-82.520265
453,3,Saint Catharine College,37.708833,-85.261372
454,3,Spalding University,38.241815,-85.75905
455,3,Thomas More College,39.022963,-84.568923
456,3,Transylvania University,38.053236,-84.493883
457,3,Union College,36.869066,-83.887982
458,3,Western Kentucky University,36.985718,-86.455898
459,3,Centenary College of Louisiana,32.483004,-93.731518
460,3,Dillard University,29.996468,-90.065348
461,3,Grambling State University,32.522702,-92.717367
462,3,Louisiana State University-Alexandria,31.178616,-92.414409
463,3,Louisiana State University and Agricultural & Mechanical College,30.552111,-91.196656
464,3,Louisiana State University-Shreveport,32.428768,-93.703762
465,3,Louisiana College,31.322286,-92.425567
466,3,Louisiana Tech University,32.525518,-92.64964
467,3,Loyola University New Orleans,29.936141,-90.120417
468,3,McNeese State University,30.180762,-93.215648
469,3,University of New Orleans,30.028539,-90.068506
470,3,Nicholls State University,29.792689,-90.802906
471,3,University of Louisiana at Monroe,32.527957,-92.073855
472,3,Northwestern State University of Louisiana,31.750675,-93.097715
473,3,Our Lady of Holy Cross College,29.912539,-89.997055
474,3,Southeastern Louisiana University,30.51358,-90.468558
475,3,Southern University and A & M College,30.524558,-91.190105
476,3,Southern University at New Orleans,30.02669,-90.044379
477,3,University of Louisiana at Lafayette,30.215283,-92.01941
478,3,Tulane University of Louisiana,29.939696,-90.120409
479,3,Xavier University of Louisiana,29.964162,-90.107307
480,3,College of the Atlantic,44.399584,-68.228849
481,3,Bates College,44.105299,-70.203333
482,3,Bowdoin College,43.906969,-69.965165
483,3,Colby College,44.564211,-69.66337
484,3,Husson University,44.828888,-68.791323
485,3,University of Maine at Augusta,44.337746,-69.796396
486,3,University of Maine at Farmington,44.668,-70.147469
487,3,University of Maine at Fort Kent,47.250306,-68.588364
488,3,University of Maine at Machias,44.709895,-67.456534
489,3,University of Maine,44.895966,-68.673839
490,3,Maine Maritime Academy,44.3873,-68.803214
491,3,University of Maine at Presque Isle,46.672377,-68.016516
492,3,University of New England,43.458172,-70.385882
493,3,Saint Joseph's College of Maine,43.82651,-70.483486
494,3,University of Southern Maine,43.662637,-70.276002
495,3,Thomas College,44.524046,-69.662923
496,3,Unity College,44.603165,-69.332276
497,3,University of Baltimore,39.305834,-76.616591
498,3,Bowie State University,39.018185,-76.759721
499,3,Washington Adventist University,38.987206,-77.00131
500,3,Coppin State University,39.310786,-76.658547
501,3,Frostburg State University,39.651509,-78.933871
502,3,Goucher College,39.410175,-76.594843
503,3,Hood College,39.421908,-77.419282
504,3,Johns Hopkins University,39.32838,-76.620799
505,3,Loyola University Maryland,39.346044,-76.623417
506,3,University of Maryland-University College,38.986299,-76.954104
507,3,University of Maryland-Baltimore County,39.256686,-76.711607
508,3,University of Maryland-College Park,38.988607,-76.939704
509,3,University of Maryland Eastern Shore,38.211188,-75.687227
510,3,Morgan State University,39.344235,-76.584238
511,3,Mount St Mary's University,39.680632,-77.35222
512,3,Notre Dame of Maryland University,39.351307,-76.619701
513,3,Salisbury University,38.345447,-75.605705
514,3,St Mary's College of Maryland,38.188615,-76.425706
515,3,Sojourner-Douglass College,39.296333,-76.598191
516,3,St John's College,38.981513,-76.491397
517,3,Towson University,39.393008,-76.612268
518,3,Maryland University of Integrative Health,39.165872,-76.888025
519,3,Stevenson University,39.421264,-76.701247
520,3,Washington College,39.217329,-76.06878
521,3,McDaniel College,39.584879,-77.001662
522,3,American International College,42.112708,-72.558507
523,3,Amherst College,42.372459,-72.518493
524,3,Anna Maria College,42.33055,-71.918961
525,3,Assumption College,42.295435,-71.828387
526,3,Bay Path College,42.055364,-72.583974
527,3,Becker College,42.26918,-71.811895
528,3,Bentley University,42.388798,-71.220148
529,3,Boston College,42.337688,-71.171488
530,3,Boston University,42.349581,-71.09984
531,3,Brandeis University,42.364947,-71.254716
532,3,Bridgewater State University,41.987785,-70.966058
533,3,Cambridge College,42.369193,-71.11084
534,3,Clark University,42.251064,-71.823537
535,3,Curry College,42.240616,-71.114007
536,3,Eastern Nazarene College,42.271214,-71.011238
537,3,Emerson College,42.35532,-71.074037
538,3,Emmanuel College,42.341191,-71.103038
539,3,Endicott College,42.554177,-70.840729
540,3,Fisher College,42.355253,-71.074125
541,3,Fitchburg State University,42.589345,-71.789354
542,3,Framingham State University,42.297289,-71.437175
543,3,Gordon College,42.588173,-70.819133
544,3,Hampshire College,42.324772,-72.532401
545,3,Harvard University,42.374429,-71.118177
546,3,College of the Holy Cross,42.238942,-71.808627
547,3,Lasell College,42.342712,-71.243738
548,3,Lesley University,42.378429,-71.115601
549,3,University of Massachusetts-Lowell,42.65372,-71.325081
550,3,University of Massachusetts-Amherst,42.386105,-72.52613
551,3,University of Massachusetts-Boston,42.314541,-71.038653
552,3,Massachusetts Institute of Technology,42.360095,-71.092115
553,3,Massachusetts Maritime Academy,41.740538,-70.623953
554,3,Merrimack College,42.668352,-71.124216
555,3,Mount Holyoke College,42.257588,-72.573625
556,3,Mount Ida College,42.293205,-71.194658
557,3,Newbury College,42.331032,-71.142082
558,3,Nichols College,42.042462,-71.929644
559,3,Massachusetts College of Liberal Arts,42.692427,-73.1035
560,3,Northeastern University,42.339992,-71.088782
561,3,College of Our Lady of the Elms,42.14179,-72.601541
562,3,Pine Manor College,42.319568,-71.156973
563,3,Salem State University,42.502879,-70.889321
564,3,Simmons College,42.3393,-71.099967
565,3,Bard College at Simon's Rock,42.209241,-73.380008
566,3,Smith College,42.317933,-72.638094
567,3,Springfield College,42.105033,-72.555688
568,3,University of Massachusetts-Dartmouth,41.628861,-71.005528
569,3,Stonehill College,42.061448,-71.078123
570,3,Suffolk University,42.359088,-71.061969
571,3,Tufts University,42.406004,-71.120641
572,3,Wellesley College,42.293765,-71.307966
573,3,Wentworth Institute of Technology,42.336632,-71.094983
574,3,Western New England University,42.115837,-72.518789
575,3,Westfield State University,42.131589,-72.795673
576,3,Wheaton College,41.966813,-71.184167
577,3,Wheelock College,42.342503,-71.10582
578,3,Williams College,42.711669,-73.205888
579,3,Worcester Polytechnic Institute,42.275067,-71.808792
580,3,Worcester State University,42.267534,-71.844019
581,3,Adrian College,41.898449,-84.059947
582,3,Albion College,42.244603,-84.746088
583,3,Alma College,43.379236,-84.670073
584,3,Andrews University,41.963266,-86.355149
585,3,Aquinas College,42.960449,-85.626166
586,3,Baker College of Owosso,42.987045,-84.170882
587,3,Baker College of Flint,42.974764,-83.694679
588,3,Calvin College,42.929916,-85.587548
589,3,Central Michigan University,43.591137,-84.775275
590,3,Concordia University-Ann Arbor,42.274723,-83.682676
591,3,Davenport University,42.849713,-85.529655
592,3,University of Detroit Mercy,42.417168,-83.138369
593,3,Eastern Michigan University,42.245751,-83.624499
594,3,Ferris State University,43.687464,-85.483509
595,3,Kettering University,43.013112,-83.714356
596,3,Grace Bible College,42.919541,-85.692077
597,3,Cornerstone University,42.979044,-85.595602
598,3,Grand Valley State University,42.965208,-85.887519
599,3,Hope College,42.788052,-86.105376
600,3,Kalamazoo College,42.290382,-85.601317
601,3,Lake Superior State University,46.491736,-84.3655
602,3,Lawrence Technological University,42.474072,-83.25003
603,3,Madonna University,42.386463,-83.407306
604,3,Marygrove College,42.414415,-83.154109
605,3,Rochester College,42.667521,-83.144959
606,3,University of Michigan-Ann Arbor,42.276172,-83.74313
607,3,Michigan State University,42.72476,-84.473639
608,3,Michigan Technological University,47.1183,-88.546403
609,3,University of Michigan-Dearborn,42.317287,-83.231417
610,3,University of Michigan-Flint,43.018777,-83.688474
611,3,Baker College of Muskegon,43.244133,-86.196717
612,3,Northern Michigan University,46.558037,-87.403857
613,3,Oakland University,42.672586,-83.218866
614,3,Olivet College,42.440908,-84.922864
615,3,Kuyper College,43.02195,-85.592657
616,3,Saginaw Valley State University,43.55187,-83.96434
617,3,Siena Heights University,41.905952,-84.015144
618,3,Spring Arbor University,42.206233,-84.551918
619,3,Finlandia University,47.12709,-88.589392
620,3,Wayne State University,42.35861,-83.072864
621,3,Western Michigan University,42.282589,-85.61512
622,3,Augsburg College,44.965636,-93.241418
623,3,Bemidji State University,47.482505,-94.874529
624,3,Bethany Lutheran College,44.166485,-93.990744
625,3,Bethel University,45.057091,-93.159295
626,3,Carleton College,44.462304,-93.154662
627,3,Concordia College at Moorhead,46.859423,-96.765567
628,3,Concordia University-Saint Paul,44.951231,-93.154369
629,3,Martin Luther College,44.3046,-94.473422
630,3,Gustavus Adolphus College,44.324968,-93.971928
631,3,Hamline University,44.965696,-93.163983
632,3,Macalester College,44.936709,-93.169855
633,3,Minnesota State University-Mankato,44.147253,-93.998494
634,3,Metropolitan State University,44.957017,-93.074153
635,3,University of Minnesota-Twin Cities,44.977886,-93.235352
636,3,University of Minnesota-Crookston,47.802021,-96.609863
637,3,University of Minnesota-Duluth,46.818896,-92.085177
638,3,University of Minnesota-Morris,45.589829,-95.901756
639,3,Minnesota State University-Moorhead,46.866482,-96.763376
640,3,North Central University,44.969389,-93.261429
641,3,University of Northwestern-St Paul,45.032969,-93.171579
642,3,College of Saint Benedict,45.558609,-94.31902
643,3,Saint Cloud State University,45.552418,-94.153
644,3,Saint Johns University,45.580538,-94.39268
645,3,Saint Mary's University of Minnesota,44.045322,-91.696652
646,3,St Olaf College,44.462884,-93.183633
647,3,Crown College,44.885372,-93.743015
648,3,The College of Saint Scholastica,46.81544,-92.105738
649,3,University of St Thomas,44.941662,-93.189422
650,3,St Catherine University,44.924542,-93.181925
651,3,Southwest Minnesota State University,44.455023,-95.75983
652,3,Winona State University,44.046572,-91.64447
653,3,Alcorn State University,31.877216,-91.142854
654,3,Belhaven University,32.318415,-90.169228
655,3,Blue Mountain College,34.67209,-89.02924
656,3,Delta State University,33.743896,-90.734378
657,3,Jackson State University,32.296781,-90.20663
658,3,Millsaps College,32.3231,-90.178084
659,3,University of Mississippi,34.362144,-89.539377
660,3,Mississippi University for Women,33.493305,-88.418601
661,3,Mississippi Valley State University,33.514142,-90.341274
662,3,Mississippi College,32.334565,-90.330452
663,3,Mississippi State University,33.455241,-88.78834
664,3,Rust College,34.776862,-89.446999
665,3,University of Southern Mississippi,31.327499,-89.33791
666,3,Tougaloo College,32.402719,-90.159405
667,3,William Carey University,31.305264,-89.291815
668,3,Avila University,38.912159,-94.591387
669,3,Central Methodist University-College of Liberal Arts and Sciences,39.150534,-92.685276
670,3,University of Central Missouri,38.755882,-93.737445
671,3,Columbia College,38.957899,-92.326544
672,3,Culver-Stockton College,40.130064,-91.526682
673,3,Drury University,37.219757,-93.285773
674,3,Evangel University,37.220956,-93.262614
675,3,Fontbonne University,38.642697,-90.315712
676,3,Hannibal-LaGrange University,39.730785,-91.391423
677,3,Harris-Stowe State University,38.631744,-90.224288
678,3,Lincoln University,38.564409,-92.168509
679,3,Lindenwood University,38.788203,-90.502825
680,3,Maryville University of Saint Louis,38.645474,-90.505096
681,3,Missouri Baptist University,38.642017,-90.462606
682,3,Missouri Southern State University,37.095722,-94.460893
683,3,Missouri Valley College,39.108655,-93.190236
684,3,Missouri Western State University,39.7575,-94.785643
685,3,University of Missouri-Columbia,38.941015,-92.326429
686,3,University of Missouri-Kansas City,39.035366,-94.578039
687,3,Missouri University of Science and Technology,37.955853,-91.7759
688,3,University of Missouri-St Louis,38.711297,-90.308886
689,3,Truman State University,40.188238,-92.580531
690,3,Northwest Missouri State University,40.352706,-94.884341
691,3,College of the Ozarks,36.616019,-93.238174
692,3,Park University,39.189477,-94.677086
693,3,Rockhurst University,39.030843,-94.571249
694,3,Saint Louis University,38.636516,-90.23343
695,3,Southwest Baptist University,37.601603,-93.410451
696,3,Stephens College,38.950631,-92.322997
697,3,Southeast Missouri State University,37.31575,-89.529119
698,3,Missouri State University-Springfield,37.197983,-93.276821
699,3,Washington University in St Louis,38.648125,-90.311639
700,3,Webster University,38.589269,-90.345654
701,3,Westminster College,38.847764,-91.954345
702,3,William Jewell College,39.247848,-94.41207
703,3,William Woods University,38.857864,-91.949273
704,3,Carroll College,46.602202,-112.04053
705,3,Montana State University-Billings,45.796896,-108.523009
706,3,University of Great Falls,47.490279,-111.270167
707,3,Montana Tech of the University of Montana,46.012164,-112.557
708,3,Montana State University,45.666829,-111.049918
709,3,The University of Montana,46.861074,-113.98294
710,3,Montana State University-Northern,48.541054,-109.686457
711,3,Rocky Mountain College,45.796765,-108.553899
712,3,The University of Montana-Western,45.208306,-112.639264
713,3,Bellevue University,41.150225,-95.91764
714,3,Chadron State College,42.820672,-103.002793
715,3,Concordia University-Nebraska,40.914853,-97.089054
716,3,Creighton University,41.265325,-95.947029
717,3,Doane College-Crete,40.623107,-96.949656
718,3,Grace University,41.244723,-95.92789
719,3,Hastings College,40.590448,-98.373641
720,3,University of Nebraska at Kearney,40.700787,-99.098237
721,3,Midland University,41.43675,-96.488354
722,3,University of Nebraska at Omaha,41.257746,-96.010797
723,3,Nebraska Wesleyan University,40.838789,-96.648414
724,3,University of Nebraska-Lincoln,40.822272,-96.702177
725,3,Peru State College,40.474689,-95.732731
726,3,College of Saint Mary,41.240879,-96.020209
727,3,Union College,40.774778,-96.651095
728,3,Wayne State College,42.241612,-97.014241
729,3,York College,40.867453,-97.579285
730,3,University of Nevada-Las Vegas,36.106994,-115.141153
731,3,University of Nevada-Reno,39.549352,-119.821651
732,3,Great Basin College,40.84242,-115.76733
733,3,Sierra Nevada College,39.24586,-119.939523
734,3,Colby-Sawyer College,43.411663,-71.975805
735,3,Dartmouth College,43.70408,-72.289951
736,3,Franklin Pierce University,42.782305,-72.057875
737,3,New England College,43.177005,-71.822928
738,3,Southern New Hampshire University,43.039892,-71.453938
739,3,University of New Hampshire-Main Campus,43.134235,-70.934512
740,3,Keene State College,42.925999,-72.281433
741,3,University of New Hampshire at Manchester,42.990331,-71.468764
742,3,Plymouth State University,43.757386,-71.691164
743,3,Rivier University,42.738343,-71.455466
744,3,Saint Anselm College,42.985066,-71.508177
745,3,Granite State College,43.1929,-71.527241
746,3,Thomas More College of Liberal Arts,42.807701,-71.48364
747,3,Bloomfield College,40.794218,-74.19593
748,3,Caldwell College,40.834285,-74.273697
749,3,Centenary College,40.848693,-74.832775
750,3,Drew University,40.757026,-74.425825
751,3,Fairleigh Dickinson University-Metropolitan Campus,40.896162,-74.030023
752,3,Felician College,40.867272,-74.096452
753,3,Fairleigh Dickinson University-College at Florham,40.777364,-74.435359
754,3,Georgian Court University,40.098706,-74.22622
755,3,Rowan University,39.709768,-75.117974
756,3,New Jersey City University,40.709937,-74.08727
757,3,Kean University,40.679429,-74.234668
758,3,Monmouth University,40.280066,-74.006447
759,3,Montclair State University,40.859233,-74.199455
760,3,New Jersey Institute of Technology,40.741997,-74.177113
761,3,Princeton University,40.348496,-74.663708
762,3,Ramapo College of New Jersey,41.007523,-74.116384
763,3,Rider University,40.283122,-74.742822
764,3,Rutgers University-Camden,39.948628,-75.125303
765,3,Rutgers University-New Brunswick,40.503796,-74.45051
766,3,Rutgers University-Newark,40.741303,-74.175294
767,3,Saint Peter's University,40.727105,-74.071541
768,3,Seton Hall University,40.742859,-74.248753
769,3,College of Saint Elizabeth,40.781061,-74.436039
770,3,Stevens Institute of Technology,40.744776,-74.025334
771,3,The Richard Stockton College of New Jersey,39.492036,-74.531087
772,3,Thomas Edison State College,40.22011,-74.769652
773,3,The College of New Jersey,40.268742,-74.777412
774,3,William Paterson University of New Jersey,40.946256,-74.199465
775,3,Eastern New Mexico University-Main Campus,34.17826,-103.347294
776,3,New Mexico Highlands University,35.598982,-105.222824
777,3,New Mexico Institute of Mining and Technology,34.066035,-106.907491
778,3,University of New Mexico-Main Campus,35.083868,-106.620155
779,3,New Mexico State University-Main Campus,32.282875,-106.747841
780,3,Northern New Mexico College,36.004073,-106.084395
781,3,University of the Southwest,32.775496,-103.186948
782,3,Western New Mexico University,32.776962,-108.284768
783,3,Vaughn College of Aeronautics and Technology,40.768348,-73.881721
784,3,Adelphi University,40.721439,-73.653321
785,3,Alfred University,42.255866,-77.788625
786,3,Bard College,42.021803,-73.906243
787,3,Barnard College,40.809137,-73.964027
788,3,Boricua College,40.833434,-73.9458
789,3,Canisius College,42.925319,-78.851794
790,3,Cazenovia College,42.931946,-75.854054
791,3,Clarkson University,44.663761,-74.999947
792,3,Colgate University,42.8188,-75.535
793,3,Metropolitan College of New York,40.723516,-74.007056
794,3,Columbia University in the City of New York,40.808286,-73.961885
795,3,Concordia College-New York,40.94253,-73.82212
796,3,Cooper Union for the Advancement of Science and Art,40.72938,-73.990516
797,3,Cornell University,42.445291,-76.48269
798,3,CUNY Bernard M Baruch College,40.740238,-73.983417
799,3,CUNY Brooklyn College,40.631912,-73.95312
800,3,College of Staten Island CUNY,40.603949,-74.148701
801,3,CUNY City College,40.819794,-73.95055
802,3,CUNY Graduate School and University Center,40.748503,-73.983575
803,3,CUNY Hunter College,40.768669,-73.964795
804,3,CUNY John Jay College of Criminal Justice,40.770675,-73.988381
805,3,CUNY Lehman College,40.873928,-73.894627
806,3,CUNY Medgar Evers College,40.666256,-73.957076
807,3,CUNY New York City College of Technology,40.695483,-73.987856
808,3,CUNY Queens College,40.737771,-73.815387
809,3,CUNY York College,40.702661,-73.794586
810,3,D'Youville College,42.902263,-78.890369
811,3,Daemen College,42.965024,-78.789025
812,3,Dominican College of Blauvelt,41.054111,-73.95234
813,3,Dowling College,40.746051,-73.164816
814,3,Elmira College,42.092724,-76.811333
815,3,Fashion Institute of Technology,40.74731,-73.994781
816,3,Fordham University,40.861183,-73.889578
817,3,Hamilton College,43.047809,-75.408853
818,3,Hartwick College,42.454023,-75.073609
819,3,Hilbert College,42.75505,-78.82029
820,3,Hobart William Smith Colleges,42.858562,-76.984813
821,3,Hofstra University,40.715959,-73.60078
822,3,Houghton College,42.426841,-78.156882
823,3,Iona College,40.927107,-73.785635
824,3,Ithaca College,42.42264,-76.495057
825,3,Keuka College,42.61541,-77.090518
826,3,Le Moyne College,43.047316,-76.088449
827,3,LIU Brooklyn,40.690134,-73.980872
828,3,LIU Post,40.820043,-73.593279
829,3,LIU Brentwood,40.803845,-73.287113
830,3,Manhattan College,40.889756,-73.901893
831,3,Manhattanville College,41.031054,-73.718316
832,3,Marist College,41.721955,-73.934342
833,3,Marymount Manhattan College,40.769108,-73.959676
834,3,Medaille College,42.92895,-78.856569
835,3,Mercy College,41.021436,-73.874571
836,3,Molloy College,40.68597,-73.626278
837,3,Mount Saint Mary College,41.511212,-74.012906
838,3,College of Mount Saint Vincent,40.912814,-73.907019
839,3,Nazareth College,43.102406,-77.514417
840,3,The College of New Rochelle,40.899427,-73.781104
841,3,The New School,40.735275,-73.994636
842,3,New York University,40.729452,-73.997264
843,3,Niagara University,43.132713,-79.046229
844,3,New York Institute of Technology,40.814402,-73.608885
845,3,Nyack College,41.086425,-73.931106
846,3,Pace University-New York,40.711014,-74.004719
847,3,Paul Smiths College of Arts and Science,44.437366,-74.253006
848,3,Polytechnic Institute of New York University,40.694371,-73.986774
849,3,Rensselaer Polytechnic Institute,42.728983,-73.678768
850,3,Roberts Wesleyan College,43.126747,-77.798964
851,3,Rochester Institute of Technology,43.090325,-77.67521
852,3,University of Rochester,43.126437,-77.631042
853,3,The Sage Colleges,42.72821,-73.693711
854,3,St Bonaventure University,42.07863,-78.47586
855,3,St Francis College,40.693076,-73.991653
856,3,St Lawrence University,44.589879,-75.161343
857,3,The College of Saint Rose,42.664664,-73.78611
858,3,St Thomas Aquinas College,41.041126,-73.934182
859,3,Sarah Lawrence College,40.934147,-73.84381
860,3,Siena College,42.718586,-73.75153
861,3,Skidmore College,43.092696,-73.785108
862,3,Saint Joseph's College-New York,40.690485,-73.968037
863,3,Saint John Fisher College,43.117064,-77.516979
864,3,St John's University-New York,40.721979,-73.795301
865,3,SUNY College of Technology at Alfred,42.258745,-77.791057
866,3,SUNY College of Technology at Canton,44.607346,-75.185005
867,3,SUNY College of Technology at Delhi,42.270129,-74.924225
868,3,SUNY College of Agriculture and Technology at Cobleskill,42.661622,-74.504897
869,3,Farmingdale State College,40.75408,-73.426371
870,3,Morrisville State College,42.891392,-75.604369
871,3,SUNY at Albany,42.686917,-73.825014
872,3,SUNY at Binghamton,42.088049,-75.971143
873,3,University at Buffalo,43.001433,-78.790103
874,3,Stony Brook University,40.913138,-73.123595
875,3,SUNY College of Environmental Science and Forestry,43.034355,-76.139236
876,3,SUNY Institute of Technology at Utica-Rome,43.13528,-75.2292
877,3,SUNY College at Brockport,43.209862,-77.949824
878,3,Buffalo State SUNY,42.934199,-78.88067
879,3,SUNY College at Cortland,42.590158,-76.197909
880,3,SUNY at Fredonia,42.450961,-79.336109
881,3,SUNY College at Geneseo,42.796864,-77.821999
882,3,State University of New York at New Paltz,41.737205,-74.088727
883,3,SUNY Oneonta,42.466555,-75.064186
884,3,SUNY College at Oswego,43.453047,-76.543885
885,3,SUNY College at Potsdam,44.662862,-74.976889
886,3,SUNY at Purchase College,41.047092,-73.700127
887,3,SUNY College at Old Westbury,40.789842,-73.570966
888,3,SUNY College at Plattsburgh,44.691103,-73.467342
889,3,SUNY Empire State College,43.078304,-73.779915
890,3,SUNY Maritime College,40.809048,-73.800336
891,3,Syracuse University,43.040525,-76.136738
892,3,Teachers College at Columbia University,40.810311,-73.960399
893,3,Touro College,40.742172,-73.989932
894,3,Excelsior College,42.704887,-73.862204
895,3,Union College,42.817578,-73.928498
896,3,United States Merchant Marine Academy,40.812154,-73.762534
897,3,Utica College,43.095183,-75.272407
898,3,Vassar College,41.685105,-73.894345
899,3,Wagner College,40.615003,-74.09573
900,3,Wells College,42.744314,-76.696512
901,3,Yeshiva University,40.8508,-73.928541
902,3,Appalachian State University,36.214844,-81.680234
903,3,Barton College,35.735463,-77.913805
904,3,Belmont Abbey College,35.261276,-81.041847
905,3,Bennett College,36.067531,-79.77998
906,3,Brevard College,35.237657,-82.729763
907,3,Campbell University,35.409333,-78.739508
908,3,Catawba College,35.692445,-80.486575
909,3,Chowan University,36.436258,-77.099141
910,3,Davidson College,35.500006,-80.845236
911,3,Duke University,36.00159,-78.94226
912,3,East Carolina University,35.606347,-77.366199
913,3,Elizabeth City State University,36.273539,-76.210063
914,3,Elon University,36.104149,-79.505632
915,3,Fayetteville State University,35.072485,-78.894709
916,3,Gardner-Webb University,35.24732,-81.668141
917,3,Greensboro College,36.071082,-79.800232
918,3,Guilford College,36.092563,-79.888848
919,3,High Point University,35.972674,-79.994545
920,3,Johnson C Smith University,35.243384,-80.854842
921,3,Lees-McRae College,36.16362,-81.870998
922,3,Lenoir-Rhyne University,35.73904,-81.326161
923,3,Livingstone College,35.670743,-80.484459
924,3,Mars Hill University,35.825858,-82.550859
925,3,Meredith College,35.797197,-78.689175
926,3,Methodist University,35.137854,-78.875024
927,3,Montreat College,35.645844,-82.297522
928,3,Mount Olive College,35.206314,-78.071265
929,3,North Carolina A & T State University,36.076737,-79.770152
930,3,University of North Carolina at Asheville,35.616618,-82.565259
931,3,University of North Carolina at Chapel Hill,35.912165,-79.050969
932,3,University of North Carolina at Charlotte,35.306834,-80.73579
933,3,University of North Carolina at Greensboro,36.067503,-79.809844
934,3,North Carolina Central University,35.974237,-78.898602
935,3,North Carolina State University at Raleigh,35.785111,-78.674517
936,3,North Carolina Wesleyan College,36.017443,-77.774231
937,3,University of North Carolina Wilmington,34.225223,-77.875527
938,3,William Peace University,35.789105,-78.636793
939,3,University of North Carolina at Pembroke,34.687231,-79.201895
940,3,Pfeiffer University,35.484696,-80.283168
941,3,Queens University of Charlotte,35.188929,-80.832227
942,3,Mid-Atlantic Christian University,36.303765,-76.217496
943,3,Saint Augustine's University,35.785032,-78.621806
944,3,Salem College,36.087531,-80.241357
945,3,Shaw University,35.771181,-78.637693
946,3,St Andrews University,34.746283,-79.478385
947,3,Wake Forest University,36.135301,-80.279004
948,3,Warren Wilson College,35.611762,-82.441097
949,3,Wingate University,34.979384,-80.444465
950,3,Winston-Salem State University,36.089197,-80.224905
951,3,Western Carolina University,35.28149,-83.125447
952,3,Dickinson State University,46.882677,-102.800511
953,3,University of Jamestown,46.915402,-98.697209
954,3,University of Mary,46.724893,-100.752386
955,3,Mayville State University,47.504671,-97.322545
956,3,Minot State University,48.246877,-101.300624
957,3,University of North Dakota,47.921881,-97.070823
958,3,North Dakota State University-Main Campus,46.894523,-96.805689
959,3,Valley City State University,46.919144,-98.001762
960,3,University of Akron Main Campus,41.077768,-81.510328
961,3,Ashland University,40.860987,-82.320621
962,3,Baldwin Wallace University,41.373938,-81.849112
963,3,Bluffton University,40.896998,-83.897678
964,3,Bowling Green State University-Main Campus,41.377036,-83.637531
965,3,Capital University,39.954875,-82.937867
966,3,Case Western Reserve University,41.500812,-81.605769
967,3,Cedarville University,39.750338,-83.812098
968,3,Central State University,39.716465,-83.876795
969,3,University of Cincinnati-Main Campus,39.131159,-84.51428
970,3,Ohio Christian University,39.610895,-82.905986
971,3,Cleveland State University,41.502918,-81.673052
972,3,University of Dayton,39.73686,-84.173662
973,3,Defiance College,41.300336,-84.356596
974,3,Denison University,40.072582,-82.520625
975,3,The University of Findlay,41.05441,-83.652067
976,3,Heidelberg University,41.114337,-83.166581
977,3,Hiram College,41.310998,-81.141552
978,3,John Carroll University,41.488978,-81.533103
979,3,Kent State University at Salem,40.86408,-80.835458
980,3,Kent State University at Kent,41.146856,-81.342253
981,3,Kenyon College,40.374408,-82.397977
982,3,Lake Erie College,41.717841,-81.251817
983,3,Lourdes University,41.708694,-83.706649
984,3,Malone University,40.826516,-81.383525
985,3,Marietta College,39.417638,-81.450038
986,3,Miami University-Oxford,39.509642,-84.731821
987,3,University of Mount Union,40.905093,-81.108624
988,3,Mount Vernon Nazarene University,40.373859,-82.474667
989,3,College of Mount St Joseph,39.094519,-84.640143
990,3,Muskingum University,39.996635,-81.737192
991,3,Notre Dame College,41.506938,-81.516212
992,3,Oberlin College,41.29474,-82.221786
993,3,Ohio Dominican University,39.99265,-82.940499
994,3,Ohio Northern University,40.766144,-83.830729
995,3,Ohio State University-Lima Campus,40.737828,-84.026195
996,3,Ohio State University-Mansfield Campus,40.797259,-82.578673
997,3,Ohio State University-Marion Campus,40.579444,-83.085889
998,3,Ohio State University-Newark Campus,40.068353,-82.447992
999,3,Ohio State University-Main Campus,39.998389,-83.009001
1000,3,Ohio University-Main Campus,39.326799,-82.101064
1001,3,Ohio Wesleyan University,40.296912,-83.067912
1002,3,Otterbein University,40.12534,-82.936231
1003,3,University of Rio Grande,38.88058,-82.377359
1004,3,Shawnee State University,38.730909,-82.995357
1005,3,Franciscan University of Steubenville,40.376086,-80.623094
1006,3,Tiffin University,41.119193,-83.18355
1007,3,University of Toledo,41.65795,-83.615225
1008,3,Union Institute & University,39.126856,-84.500139
1009,3,Urbana University,40.099881,-83.760035
1010,3,Ursuline College,41.494971,-81.466716
1011,3,Walsh University,40.873295,-81.36911
1012,3,Wilberforce University,39.707993,-83.879358
1013,3,Wilmington College,39.441097,-83.817271
1014,3,Wittenberg University,39.937463,-83.814082
1015,3,The College of Wooster,40.81046,-81.934674
1016,3,Wright State University-Main Campus,39.780634,-84.064881
1017,3,Xavier University,39.149291,-84.477648
1018,3,Youngstown State University,41.105583,-80.646515
1019,3,Bacone College,35.77707,-95.335337
1020,3,Oklahoma Wesleyan University,36.717752,-95.954124
1021,3,Southern Nazarene University,35.513295,-97.629504
1022,3,Cameron University,34.606487,-98.434163
1023,3,University of Central Oklahoma,35.658239,-97.470985
1024,3,East Central University,34.773805,-96.664196
1025,3,Langston University,35.943953,-97.260263
1026,3,Northeastern State University,35.920499,-94.968528
1027,3,Northwestern Oklahoma State University,36.796313,-98.667596
1028,3,Oklahoma Christian University,35.609042,-97.468312
1029,3,Oklahoma Panhandle State University,36.594518,-101.638488
1030,3,Oklahoma State University-Main Campus,36.123085,-97.069743
1031,3,Oklahoma Baptist University,35.359949,-96.934334
1032,3,Oklahoma City University,35.495271,-97.541242
1033,3,University of Oklahoma-Norman Campus,35.208152,-97.445692
1034,3,Oral Roberts University,36.050705,-95.954215
1035,3,Rogers State University,36.319609,-95.635739
1036,3,Saint Gregory's University,35.367401,-96.954186
1037,3,University of Science and Arts of Oklahoma,35.031392,-97.95641
1038,3,Southeastern Oklahoma State University,34.00361,-96.376381
1039,3,Southwestern Christian University,35.513596,-97.639411
1040,3,Southwestern Oklahoma State University,35.534609,-98.707964
1041,3,University of Tulsa,36.151887,-95.945175
1042,3,Concordia University-Portland,45.568242,-122.637944
1043,3,Eastern Oregon University,45.320392,-118.09384
1044,3,George Fox University,45.30399,-122.968394
1045,3,Lewis & Clark College,45.450547,-122.672478
1046,3,Linfield College-McMinnville Campus,45.201333,-123.200464
1047,3,Marylhurst University,45.398174,-122.647755
1048,3,Northwest Christian University,44.047483,-123.079754
1049,3,Oregon Institute of Technology,42.257152,-121.785177
1050,3,Oregon State University,44.56274,-123.274721
1051,3,University of Oregon,44.044515,-123.07398
1052,3,Pacific University,45.521394,-123.108777
1053,3,Portland State University,45.511229,-122.683553
1054,3,University of Portland,45.571807,-122.726859
1055,3,Reed College,45.480376,-122.63064
1056,3,Southern Oregon University,42.186467,-122.694034
1057,3,Warner Pacific College,45.50349,-122.562241
1058,3,Corban University,44.88408,-122.958413
1059,3,Willamette University,44.935743,-123.030727
1060,3,Western Oregon University,44.851866,-123.238785
1061,3,Bryn Athyn College of the New Church,40.131358,-75.06093
1062,3,Albright College,40.360248,-75.910152
1063,3,Allegheny College,41.648068,-80.146922
1064,3,DeSales University,40.540137,-75.376549
1065,3,Alvernia University,40.3102,-75.938163
1066,3,Arcadia University,40.091941,-75.165205
1067,3,Bloomsburg University of Pennsylvania,41.007989,-76.446383
1068,3,Bryn Mawr College,40.028541,-75.314988
1069,3,Bucknell University,40.954489,-76.886275
1070,3,Cabrini College,40.054565,-75.37215
1071,3,California University of Pennsylvania,40.066473,-79.884477
1072,3,Carlow University,40.439851,-79.963927
1073,3,Carnegie Mellon University,40.444616,-79.942914
1074,3,Cedar Crest College,40.586695,-75.519799
1075,3,Chatham University,40.448432,-79.926083
1076,3,Chestnut Hill College,40.087048,-75.228847
1077,3,Cheyney University of Pennsylvania,39.932293,-75.529378
1078,3,Clarion University of Pennsylvania,41.209676,-79.374775
1079,3,Delaware Valley College,40.29757,-75.158202
1080,3,Dickinson College,40.202796,-77.197854
1081,3,Drexel University,39.954855,-75.188745
1082,3,Duquesne University,40.437496,-79.993046
1083,3,East Stroudsburg University of Pennsylvania,40.99622,-75.172614
1084,3,Eastern University,40.052306,-75.370268
1085,3,Edinboro University of Pennsylvania,41.869978,-80.126363
1086,3,Elizabethtown College,40.150372,-76.594175
1087,3,Franklin and Marshall College,40.048045,-76.319037
1088,3,Gannon University,42.126111,-80.086258
1089,3,Geneva College,40.773474,-80.352545
1090,3,Gettysburg College,39.836091,-77.234982
1091,3,Gratz College,40.065782,-75.133025
1092,3,Gwynedd Mercy University,40.197566,-75.238052
1093,3,Haverford College,40.013368,-75.302562
1094,3,Holy Family University,40.060414,-74.990365
1095,3,Immaculata University,40.027963,-75.57063
1096,3,Indiana University of Pennsylvania-Main Campus,40.615589,-79.159869
1097,3,Juniata College,40.499511,-78.015204
1098,3,Keystone College,41.558969,-75.777456
1099,3,King's College,41.248118,-75.878603
1100,3,Kutztown University of Pennsylvania,40.513705,-75.785426
1101,3,La Roche College,40.569777,-80.011977
1102,3,La Salle University,40.038503,-75.152996
1103,3,Lafayette College,40.700512,-75.209058
1104,3,Lebanon Valley College,40.331733,-76.513753
1105,3,Lehigh University,40.607158,-75.378887
1106,3,Lincoln University of Pennsylvania,39.807725,-75.928273
1107,3,Lock Haven University,41.142097,-77.463565
1108,3,Lycoming College,41.246127,-77.0003
1109,3,Mansfield University of Pennsylvania,41.79971,-77.07299
1110,3,Marywood University,41.434978,-75.633996
1111,3,Mercyhurst University,42.103991,-80.055568
1112,3,Messiah College,40.15867,-76.988492
1113,3,Millersville University of Pennsylvania,39.99813,-76.355091
1114,3,Misericordia University,41.344765,-75.971016
1115,3,Moravian College,40.630888,-75.380979
1116,3,Mount Aloysius College,40.459948,-78.601358
1117,3,Muhlenberg College,40.597362,-75.508954
1118,3,Neumann University,39.874944,-75.437928
1119,3,Pennsylvania State University-Penn State Erie-Behrend College,42.120271,-79.986362
1120,3,Pennsylvania State University-Penn State Great Valley,40.052845,-75.521311
1121,3,Pennsylvania State University-Penn State New Kensington,40.55382,-79.703269
1122,3,Pennsylvania State University-Penn State Shenango,41.234852,-80.508204
1123,3,Pennsylvania State University-Penn State Wilkes-Barre,41.306529,-76.017242
1124,3,Pennsylvania State University-Penn State Worthington Scranton,41.440258,-75.620583
1125,3,Pennsylvania State University-Penn State Lehigh Valley,40.557651,-75.401798
1126,3,Pennsylvania State University-Penn State Altoona,40.540682,-78.409112
1127,3,Pennsylvania State University-Penn State Beaver,40.678254,-80.296235
1128,3,Pennsylvania State University-Penn State Berks,40.357987,-75.972141
1129,3,Pennsylvania State University-Penn State Harrisburg,40.205234,-76.741961
1130,3,Pennsylvania State University-Penn State Brandywine,39.928355,-75.447825
1131,3,Pennsylvania State University-Penn State Dubois,41.126941,-78.751784
1132,3,Pennsylvania State University-Penn State Fayette- Eberly,39.948498,-79.654944
1133,3,Pennsylvania State University-Penn State Hazleton,40.984157,-76.031567
1134,3,Pennsylvania State University-Main Campus,40.800732,-77.861644
1135,3,Pennsylvania State University-Penn State Greater Allegheny,40.344474,-79.827262
1136,3,Pennsylvania State University-Penn State Mont Alto,39.841914,-77.544068
1137,3,Pennsylvania State University-Penn State Abington,40.116995,-75.110661
1138,3,Pennsylvania State University-Penn State Schuylkill,40.642583,-76.166371
1139,3,Pennsylvania State University-Penn State York,39.952327,-76.702835
1140,3,Peirce College,39.945483,-75.166332
1141,3,University of Pennsylvania,39.951002,-75.193618
1142,3,Philadelphia University,40.022281,-75.194249
1143,3,Cairn University-Langhorne,40.165809,-74.909509
1144,3,University of Pittsburgh-Bradford,41.944173,-78.673039
1145,3,University of Pittsburgh-Greensburg,40.292824,-79.535757
1146,3,University of Pittsburgh-Johnstown,40.268583,-78.832611
1147,3,University of Pittsburgh-Pittsburgh Campus,40.444502,-79.954692
1148,3,Point Park University,40.438526,-80.001462
1149,3,Robert Morris University,40.521088,-80.211785
1150,3,Rosemont College,40.034771,-75.329898
1151,3,Saint Francis University,40.502782,-78.638469
1152,3,Saint Joseph's University,39.994442,-75.238343
1153,3,Saint Vincent College,40.29252,-79.403702
1154,3,University of Scranton,41.40715,-75.658031
1155,3,Seton Hill University,40.308623,-79.556228
1156,3,Shippensburg University of Pennsylvania,40.057405,-77.5229
1157,3,Slippery Rock University of Pennsylvania,41.060814,-80.051814
1158,3,Susquehanna University,40.79774,-76.87521
1159,3,Swarthmore College,39.904081,-75.356066
1160,3,Temple University,39.980943,-75.158267
1161,3,Thiel College,41.41308,-80.382134
1162,3,Ursinus College,40.19405,-75.455654
1163,3,Valley Forge Christian College,40.118341,-75.54864
1164,3,Villanova University,40.039388,-75.345457
1165,3,Washington & Jefferson College,40.171898,-80.240388
1166,3,Waynesburg University,39.899419,-80.18727
1167,3,West Chester University of Pennsylvania,39.949084,-75.594631
1168,3,Westminster College,41.118456,-80.331376
1169,3,Widener University-Main Campus,39.86158,-75.356718
1170,3,Wilkes University,41.243204,-75.88833
1171,3,Wilson College,39.947461,-77.658075
1172,3,York College Pennsylvania,39.946709,-76.727266
1173,3,Brown University,41.827605,-71.404467
1174,3,Bryant University,41.920149,-71.539147
1175,3,Johnson & Wales University-Providence,41.820558,-71.413322
1176,3,New England Institute of Technology,41.661783,-71.502892
1177,3,Providence College,41.844064,-71.43792
1178,3,Rhode Island College,41.84266,-71.466915
1179,3,University of Rhode Island,41.484691,-71.527356
1180,3,Roger Williams University,41.647314,-71.261836
1181,3,Salve Regina University,41.471445,-71.301125
1182,3,Allen University,34.010348,-81.020045
1183,3,Anderson University,34.515506,-82.640205
1184,3,Charleston Southern University,32.981986,-80.069288
1185,3,Benedict College,34.011285,-81.021412
1186,3,Southern Wesleyan University,34.728068,-82.761586
1187,3,College of Charleston,32.783142,-79.937251
1188,3,Citadel Military College of South Carolina,32.796975,-79.961399
1189,3,Claflin University,33.497367,-80.854368
1190,3,Clemson University,34.677329,-82.834463
1191,3,Coker College,34.37709,-80.067713
1192,3,Columbia International University,34.081233,-81.069502
1193,3,Columbia College,34.062923,-81.001369
1194,3,Converse College,34.956232,-81.918829
1195,3,Erskine College,34.330674,-82.390797
1196,3,Francis Marion University,34.192277,-79.655515
1197,3,Furman University,34.920785,-82.441473
1198,3,Lander University,34.201143,-82.166351
1199,3,Limestone College,35.052919,-81.648033
1200,3,Morris College,33.938707,-80.346346
1201,3,Newberry College,34.286201,-81.601966
1202,3,North Greenville University,35.069758,-82.37026
1203,3,Presbyterian College,34.465697,-81.874408
1204,3,University of South Carolina-Aiken,33.572917,-81.767901
1205,3,University of South Carolina-Beaufort,32.303308,-80.973595
1206,3,University of South Carolina-Columbia,33.998973,-81.026971
1207,3,Coastal Carolina University,33.794733,-79.0126
1208,3,South Carolina State University,33.497439,-80.851185
1209,3,University of South Carolina-Upstate,34.996403,-81.970583
1210,3,Voorhees College,33.307455,-81.130104
1211,3,Winthrop University,34.938506,-81.028667
1212,3,Wofford College,34.957914,-81.934572
1213,3,Augustana College,43.525939,-96.738507
1214,3,Black Hills State University,44.495536,-103.870009
1215,3,Dakota State University,44.0127,-97.109609
1216,3,Dakota Wesleyan University,43.695995,-98.030566
1217,3,Mount Marty College,42.874475,-97.409904
1218,3,Northern State University,45.452555,-98.4837
1219,3,Presentation College,45.482833,-98.49077
1220,3,South Dakota State University,44.31942,-96.783415
1221,3,University of Sioux Falls,43.531574,-96.738229
1222,3,University of South Dakota,42.784558,-96.924664
1223,3,Aquinas College,36.132187,-86.844214
1224,3,Austin Peay State University,36.533319,-87.354081
1225,3,Belmont University,36.133866,-86.794715
1226,3,Bethel University,36.139271,-88.516162
1227,3,Bryan College-Dayton,35.495721,-85.016596
1228,3,Carson-Newman University,36.122224,-83.492183
1229,3,Christian Brothers University,35.127437,-89.983241
1230,3,Cumberland University,36.204243,-86.29966
1231,3,Lipscomb University,36.10469,-86.799304
1232,3,East Tennessee State University,36.301643,-82.366954
1233,3,Fisk University,36.16912,-86.805671
1234,3,Welch College,36.134633,-86.826158
1235,3,Freed-Hardeman University,35.440073,-88.639418
1236,3,King University,36.585899,-82.156532
1237,3,Lane College,35.628197,-88.806832
1238,3,Le Moyne-Owen College,35.118641,-90.034101
1239,3,Lee University,35.166166,-84.870018
1240,3,Lincoln Memorial University,36.581284,-83.658818
1241,3,Martin Methodist College,35.200662,-87.035085
1242,3,Maryville College,35.751969,-83.963853
1243,3,University of Memphis,35.115934,-89.982038
1244,3,Middle Tennessee State University,35.849139,-86.362094
1245,3,Milligan College,36.30036,-82.29499
1246,3,Rhodes College,35.154424,-89.989187
1247,3,Sewanee-The University of the South,35.20443,-85.917772
1248,3,Southern Adventist University,35.049136,-85.050878
1249,3,Tennessee Wesleyan College,35.444939,-84.592647
1250,3,The University of Tennessee-Chattanooga,35.048247,-85.299812
1251,3,The University of Tennessee-Knoxville,35.955093,-83.929696
1252,3,The University of Tennessee-Martin,36.340338,-88.864211
1253,3,Tennessee State University,36.16899,-86.82937
1254,3,Tennessee Technological University,36.174659,-85.503957
1255,3,Trevecca Nazarene University,36.142115,-86.753566
1256,3,Tusculum College,36.172558,-82.761716
1257,3,Union University,35.676896,-88.858524
1258,3,Vanderbilt University,36.14443,-86.804875
1259,3,Abilene Christian University,32.46915,-99.70954
1260,3,Angelo State University,31.44145,-100.466495
1261,3,Austin College,33.646307,-96.598772
1262,3,Baylor University,31.545956,-97.119359
1263,3,Concordia University-Texas,30.420952,-97.836247
1264,3,Texas A & M University-Corpus Christi,27.718601,-97.331933
1265,3,Dallas Baptist University,32.710017,-96.947006
1266,3,University of Dallas,32.846202,-96.921573
1267,3,East Texas Baptist University,32.554545,-94.374337
1268,3,Texas A & M University-Texarkana,33.49561,-94.10398
1269,3,Texas A & M University-Commerce,33.243814,-95.906913
1270,3,Hardin-Simmons University,32.476786,-99.733815
1271,3,Houston Baptist University,29.694414,-95.515978
1272,3,University of Houston-Clear Lake,29.582523,-95.098129
1273,3,University of Houston-Downtown,29.763831,-95.35953
1274,3,University of Houston-Victoria,28.816438,-96.978193
1275,3,University of Houston,29.719988,-95.344851
1276,3,Howard Payne University,31.716345,-98.984956
1277,3,Huston-Tillotson University,30.264672,-97.721698
1278,3,University of the Incarnate Word,29.468052,-98.467709
1279,3,Jarvis Christian College,32.588249,-95.17773
1280,3,Lamar University,30.044274,-94.073389
1281,3,Texas A & M International University,27.573504,-99.435225
1282,3,LeTourneau University,32.467658,-94.72726
1283,3,Lubbock Christian University,33.576273,-101.934816
1284,3,University of Mary Hardin-Baylor,31.066798,-97.463479
1285,3,McMurry University,32.429551,-99.750277
1286,3,Midwestern State University,33.877143,-98.51774
1287,3,University of North Texas,33.210958,-97.151211
1288,3,Our Lady of the Lake University,29.425611,-98.54395
1289,3,The University of Texas-Pan American,26.306629,-98.172112
1290,3,The University of Texas at Brownsville,25.893584,-97.486644
1291,3,Paul Quinn College,32.677195,-96.755864
1292,3,Prairie View A & M University,30.094591,-95.992066
1293,3,Rice University,29.716485,-95.403625
1294,3,Saint Edward's University,30.229844,-97.75763
1295,3,University of St Thomas,29.738113,-95.394178
1296,3,Sam Houston State University,30.7247,-95.5519
1297,3,Schreiner University,30.03108,-99.131076
1298,3,St Mary's University,29.451793,-98.564307
1299,3,Southern Methodist University,32.845254,-96.784855
1300,3,Southwestern Assemblies of God University,32.405477,-96.85315
1301,3,Southwestern University,30.635194,-97.664637
1302,3,Stephen F Austin State University,31.58562,-94.58546
1303,3,Texas State University,29.889202,-97.936392
1304,3,Southwestern Adventist University,32.397136,-97.328511
1305,3,Southwestern Christian College,32.735778,-96.286747
1306,3,Sul Ross State University,30.363418,-103.65007
1307,3,Tarleton State University,32.215665,-98.22008
1308,3,Texas A & M University-Kingsville,27.524852,-97.882342
1309,3,Texas A & M University-Galveston,29.315257,-94.818532
1310,3,Texas A & M University-College Station,30.613226,-96.340322
1311,3,The University of Texas at Arlington,32.728437,-97.115087
1312,3,The University of Texas at Austin,30.284733,-97.737279
1313,3,The University of Texas at Dallas,32.989432,-96.748371
1314,3,The University of Texas at El Paso,31.771697,-106.50356
1315,3,The University of Texas at Tyler,32.314724,-95.249096
1316,3,Texas Christian University,32.709568,-97.361537
1317,3,Texas College,32.374185,-95.312259
1318,3,Texas Lutheran University,29.573274,-97.984601
1319,3,The University of Texas of the Permian Basin,31.889509,-102.329634
1320,3,The University of Texas at San Antonio,29.582418,-98.621386
1321,3,Texas Southern University,29.722468,-95.361961
1322,3,Texas Tech University,33.580309,-101.876917
1323,3,Texas Wesleyan University,32.733314,-97.279631
1324,3,Texas Woman's University,33.227002,-97.129088
1325,3,Trinity University,29.46286,-98.482577
1326,3,Wayland Baptist University,34.186673,-101.729564
1327,3,West Texas A & M University,34.981996,-101.9158
1328,3,Wiley College,32.537646,-94.376821
1329,3,Brigham Young University-Provo,40.250851,-111.649281
1330,3,Brigham Young University-Hawaii,21.641172,-157.925358
1331,3,Dixie State University,37.103875,-113.565894
1332,3,Southern Utah University,37.674617,-113.070146
1333,3,Stevens-Henager College-Ogden,41.232847,-112.011617
1334,3,Stevens-Henager College of Business-Provo,40.269691,-111.713264
1335,3,Utah State University,41.740748,-111.81391
1336,3,Utah Valley University,40.278512,-111.717058
1337,3,University of Utah,40.762484,-111.846044
1338,3,Weber State University,41.19258,-111.94484
1339,3,Westminster College,40.731495,-111.855553
1340,3,Bennington College,42.92004,-73.237498
1341,3,Burlington College,44.49117,-73.228181
1342,3,Castleton State College,43.607982,-73.181486
1343,3,Champlain College,44.47295,-73.204354
1344,3,Goddard College,44.27912,-72.437252
1345,3,Green Mountain College,43.517134,-73.241107
1346,3,Johnson State College,44.641736,-72.671154
1347,3,Lyndon State College,44.53433,-72.024563
1348,3,Marlboro College,42.839603,-72.736552
1349,3,Middlebury College,44.009117,-73.176068
1350,3,Norwich University,44.139402,-72.660129
1351,3,Saint Michael's College,44.494212,-73.163136
1352,3,SIT Graduate Institute,42.891035,-72.56738
1353,3,College of St Joseph,43.599777,-73.007033
1354,3,Southern Vermont College,42.867031,-73.21866
1355,3,Sterling College,44.65225,-72.382372
1356,3,Vermont Technical College,43.939321,-72.605179
1357,3,University of Vermont,44.479262,-73.198128
1358,3,Averett University,36.577273,-79.413214
1359,3,Bluefield College,37.245681,-81.244879
1360,3,Bridgewater College,38.378391,-78.969011
1361,3,College of William and Mary,37.27195,-76.709395
1362,3,Regent University,36.800929,-76.192844
1363,3,Christopher Newport University,37.061502,-76.486978
1364,3,Emory & Henry College,36.772543,-81.831737
1365,3,Eastern Mennonite University,38.478611,-78.876077
1366,3,Ferrum College,36.926648,-80.020864
1367,3,George Mason University,38.83088,-77.30794
1368,3,Hampden-Sydney College,37.242482,-78.461371
1369,3,Hampton University,37.022084,-76.337647
1370,3,Hollins University,37.354629,-79.942196
1371,3,James Madison University,38.435332,-78.871663
1372,3,Liberty University,37.350345,-79.179688
1373,3,Longwood University,37.301073,-78.395789
1374,3,Lynchburg College,37.397678,-79.184153
1375,3,Mary Baldwin College,38.154799,-79.068325
1376,3,University of Mary Washington,38.302206,-77.474392
1377,3,Marymount University,38.905552,-77.128799
1378,3,Norfolk State University,36.848262,-76.26393
1379,3,Old Dominion University,36.884919,-76.309653
1380,3,Radford University,37.136914,-80.549731
1381,3,Randolph-Macon College,37.749654,-77.472253
1382,3,Randolph College,37.437429,-79.17079
1383,3,University of Richmond,37.577625,-77.538702
1384,3,Roanoke College,37.29686,-80.056433
1385,3,Shenandoah University,39.166058,-78.158376
1386,3,Southern Virginia University,37.740669,-79.350296
1387,3,Sweet Briar College,37.556317,-79.079735
1388,3,The University of Virginia's College at Wise,36.971468,-82.558728
1389,3,Virginia Intermont College,36.605006,-82.17614
1390,3,Virginia Polytechnic Institute and State University,37.228561,-80.423267
1391,3,Virginia Commonwealth University,37.547631,-77.453597
1392,3,University of Virginia-Main Campus,38.036546,-78.502599
1393,3,Virginia Military Institute,37.790644,-79.435737
1394,3,Virginia State University,37.236453,-77.419886
1395,3,Virginia Union University,37.561864,-77.450954
1396,3,Virginia Wesleyan College,36.868417,-76.18606
1397,3,Washington and Lee University,37.787832,-79.445724
1398,3,Central Washington University,47.004957,-120.537716
1399,3,City University of Seattle,47.61734,-122.344331
1400,3,Eastern Washington University,47.491293,-117.589371
1401,3,The Evergreen State College,47.07382,-122.977492
1402,3,Gonzaga University,47.668144,-117.403062
1403,3,Heritage University,46.374571,-120.395287
1404,3,Trinity Lutheran College,47.980328,-122.207663
1405,3,Northwest University,47.657743,-122.191505
1406,3,Pacific Lutheran University,47.145494,-122.445372
1407,3,University of Puget Sound,47.263651,-122.479714
1408,3,Saint Martin's University,47.04328,-122.815732
1409,3,Seattle Pacific University,47.649338,-122.362923
1410,3,Seattle University,47.610138,-122.3197
1411,3,Walla Walla University,46.047,-118.389771
1412,3,Washington State University,46.730448,-117.158168
1413,3,University of Washington-Seattle Campus,47.656213,-122.313115
1414,3,Western Washington University,48.737236,-122.484873
1415,3,Whitman College,46.07135,-118.33016
1416,3,Whitworth University,47.753699,-117.418078
1417,3,Alderson Broaddus University,39.158067,-80.047728
1418,3,Bethany College,40.204594,-80.56916
1419,3,Bluefield State College,37.26688,-81.235428
1420,3,University of Charleston,38.332577,-81.618667
1421,3,Concord University,37.423854,-81.005694
1422,3,Davis & Elkins College,38.928693,-79.846391
1423,3,Fairmont State University,39.485925,-80.161844
1424,3,Glenville State College,38.935341,-80.833597
1425,3,Marshall University,38.42261,-82.43065
1426,3,Ohio Valley University,39.31236,-81.5392
1427,3,West Virginia University at Parkersburg,39.216379,-81.506192
1428,3,Shepherd University,39.434319,-77.804844
1429,3,West Virginia State University,38.379002,-81.76802
1430,3,West Liberty University,40.162473,-80.604054
1431,3,West Virginia University Institute of Technology,38.179427,-81.325199
1432,3,West Virginia Wesleyan College,38.990476,-80.217094
1433,3,West Virginia University,39.63468,-79.953926
1434,3,Wheeling Jesuit University,40.070873,-80.690804
1435,3,Alverno College,42.983518,-87.965498
1436,3,Beloit College,42.50363,-89.03147
1437,3,Cardinal Stritch University,43.139752,-87.909045
1438,3,Carroll University,43.004647,-88.227962
1439,3,Carthage College,42.622893,-87.820706
1440,3,Concordia University-Wisconsin,43.254217,-87.916628
1441,3,Edgewood College,43.058727,-89.422122
1442,3,Lakeland College,43.841863,-87.884956
1443,3,Lawrence University,44.261323,-88.397822
1444,3,Maranatha Baptist University,43.195709,-88.735055
1445,3,Marian University,43.777411,-88.420638
1446,3,Marquette University,43.038766,-87.928121
1447,3,Milwaukee School of Engineering,43.045364,-87.907691
1448,3,Mount Mary University,43.072303,-88.030594
1449,3,Northland International University,45.58114,-88.095933
1450,3,Northland College,46.578983,-90.874991
1451,3,Ripon College,43.842383,-88.8426
1452,3,Saint Norbert College,44.444651,-88.067301
1453,3,Silver Lake College of the Holy Family,44.071038,-87.742961
1454,3,Viterbo University,43.802291,-91.244095
1455,3,University of Wisconsin-Whitewater,42.835563,-88.742368
1456,3,University of Wisconsin-Eau Claire,44.798431,-91.500432
1457,3,University of Wisconsin-Green Bay,44.531102,-87.920499
1458,3,University of Wisconsin-La Crosse,43.815295,-91.230149
1459,3,Wisconsin Lutheran College,43.036943,-88.022718
1460,3,University of Wisconsin-Oshkosh,44.024985,-88.549282
1461,3,University of Wisconsin-Parkside,42.646074,-87.855407
1462,3,University of Wisconsin-Stout,44.88861,-91.929461
1463,3,University of Wisconsin-Superior,46.717548,-92.089039
1464,3,University of Wisconsin-Madison,43.073858,-89.405356
1465,3,University of Wisconsin-Milwaukee,43.076848,-87.880488
1466,3,University of Wisconsin-Platteville,42.733936,-90.492709
1467,3,University of Wisconsin-River Falls,44.852647,-92.625316
1468,3,University of Wisconsin-Stevens Point,44.529582,-89.570934
1469,3,University of Wyoming,41.311943,-105.57204
1470,3,Stanford University,37.431746,-122.182212
1471,3,Purdue University-Main Campus,40.428206,-86.914435
1472,3,City College-Fort Lauderdale,26.18748,-80.17007
1473,3,St John's College,35.666789,-105.912226
1474,3,Antioch University-Los Angeles,33.98764,-118.384651
1475,3,Antioch University-Santa Barbara,34.418961,-119.695655
1476,3,Antioch University-New England,42.932344,-72.293798
1477,3,Antioch University-Seattle,47.61696,-122.342647
1478,3,Antioch University-Midwest,39.795828,-83.892094
1479,3,Mid-America Christian University,35.347785,-97.578297
1480,3,Brandman University,33.655684,-117.768624
1481,3,New College of Florida,27.384925,-82.55858
1482,3,Mayo Graduate School,44.020617,-92.466919
1483,3,Pennsylvania College of Technology,41.2369,-77.0265
1484,3,California State University-San Marcos,33.129115,-117.158013
1485,3,Hodges University,26.277222,-81.741241
1486,3,Remington College-Honolulu Campus,21.309273,-157.860023
1487,3,University of Washington-Bothell Campus,47.760718,-122.191454
1488,3,University of Washington-Tacoma Campus,47.244967,-122.437499
1489,3,Baker College of Port Huron,42.978709,-82.469672
1490,3,Beacon College,28.810799,-81.875619
1491,3,Everglades University,26.391218,-80.108331
1492,3,Soka University of America,33.549425,-117.734893
1493,3,Baker College of Auburn Hills,42.659868,-83.249027
1494,3,Baker College of Clinton Township,42.553231,-82.90907
1495,3,Baker College of Cadillac,44.268014,-85.380045
1496,3,City College-Gainesville,29.65601,-82.4168
1497,3,California State University-Monterey Bay,36.653724,-121.799216
1498,3,Baker College of Jackson,42.278175,-84.451226
1499,3,Baker College Center for Graduate Studies,42.974759,-83.694495
1500,3,Johnson & Wales University-North Miami,25.894337,-80.164797
1501,3,Trine University-Regional/Non-Traditional Campuses,41.176826,-85.108364
1502,3,Ottawa University-Milwaukee,43.02963,-88.115185
1503,3,Western Governors University,40.684783,-111.869857
1504,3,Florida Gulf Coast University,26.464262,-81.773578
1505,3,Michigan Jewish Institute,42.478209,-83.183286
1506,3,City College-Miami,25.683673,-80.316377
1507,3,Stevens-Henager College-Murray,40.659626,-111.902145
1508,3,Johnson & Wales University-Denver,39.747969,-104.905511
1509,3,Marlboro College-Graduate School,42.850323,-72.55636
1510,3,San Diego State University-Imperial Valley Campus,32.672361,-115.492718
1511,3,Nevada State College,35.987249,-114.938929
1512,3,California State University-Channel Islands,34.162949,-119.04356
1513,3,Baker College of Allen Park,42.274542,-83.203166
1514,3,Flagler College-Tallahassee,30.444664,-84.341098
1515,3,Central Methodist University-College of Graduate and Extended Studies,39.150383,-92.686156
1516,3,Johnson & Wales University-Charlotte,35.23294,-80.8509
1517,3,Ave Maria University,26.33711,-81.441082
1518,3,Harrisburg University of Science and Technology,40.261303,-76.8808
1519,3,Stevens-Henager College-Logan,41.718039,-111.835961
1520,3,Union Graduate College,42.816692,-73.92838
1521,3,Georgia Gwinnett College,33.979915,-84.001135
1522,3,Doane College-Lincoln Grand Island and Master,40.815541,-96.650758
1523,3,Shorter University-College of Adult & Professional Programs,33.92764,-84.482301
1524,3,College America-Colorado Springs,38.840858,-104.760241
1525,3,The Robert B Miller College,42.333225,-85.178861
1526,3,University of South Florida-St Petersburg,27.762618,-82.635657
1527,3,University of the West,34.045985,-118.082964
1528,3,Averett University-Non-Traditional Programs,36.577257,-79.413195
1529,3,LIU Riverhead,40.876143,-72.6991
1530,3,University of South Florida-Sarasota-Manatee,27.391766,-82.562951
1531,3,The Kingâ€™s College,40.706861,-74.012348
1532,3,Ottawa University-Online,38.602692,-95.263775
1533,3,Providence Christian College,34.17275,-118.118491
1534,3,Polytechnic University of Puerto Rico-Orlando,28.55147,-81.254951
